{
  "x": {
    "x[2,12,0,0]": 1.0,
    "x[4,13,0,0]": 1.0,
    "x[5,2,0,0]": 1.0,
    "x[6,4,0,0]": 1.0,
    "x[8,6,0,0]": 1.0,
    "x[12,8,0,0]": 1.0,
    "x[0,5,0,0]": 1.0
  },
  "y": {
    "y[3,11,0,0]": 1.0,
    "y[7,3,0,0]": 1.0,
    "y[11,13,0,0]": 1.0,
    "y[0,7,0,0]": 1.0,
    "y[1,13,0,1]": 1.0,
    "y[9,1,0,1]": 1.0,
    "y[10,9,0,1]": 1.0,
    "y[0,10,0,1]": 1.0
  },
  "T1": {},
  "T": {
    "T[0,0]": 13.271356095088702,
    "T[0,1]": 16.81836609281826
  },
  "A": {
    "A[0]": 30.275227159823995
  },
  "B": {
    "B[0]": 30.08972218790696
  },
  "L_w": 120,
  "L_d": 30,
  "staff_velocity": 0.58,
  "drone_velocity": 0.83,
  "M_t": 1400,
  "M_d": 5,
  "num_staff": 1,
  "num_drone": 1,
  "use_ejection": true,
  "use_inter": true,
  "use_intra": true,
  "solver": "CPLEX",
  "solver_log": false,
  "num_worker": -1,
  "time_limit": 18000,
  "model_params": {},
  "Optimal": 30.275227159823995,
  "Solve_Time": 5.416247844696045,
  "num_constraint": 3475,
  "Number of variables": 3331,
  "status": "OPTIMAL"
}