{
  "x": {
    "x[4,13,0,0]": 1.0,
    "x[5,7,0,0]": 1.0,
    "x[7,4,0,0]": 1.0,
    "x[8,5,0,0]": 1.0,
    "x[10,12,0,0]": 1.0,
    "x[12,8,0,0]": 1.0,
    "x[0,10,0,0]": 1.0
  },
  "y": {
    "y[1,11,0,0]": 1.0,
    "y[11,13,0,0]": 1.0,
    "y[0,1,0,0]": 1.0,
    "y[2,13,0,1]": 1.0,
    "y[6,2,0,1]": 1.0,
    "y[9,6,0,1]": 1.0,
    "y[0,9,0,1]": 1.0,
    "y[3,13,0,2]": 1.0,
    "y[0,3,0,2]": 1.0
  },
  "T1": {},
  "T": {
    "T[0,0]": 6.3914016724062614,
    "T[0,1]": 11.400472822656534,
    "T[0,2]": 1.39781660795231
  },
  "A": {
    "A[0]": 19.675742355632206
  },
  "B": {
    "B[0]": 19.189691103015107
  },
  "L_w": 120,
  "L_d": 30,
  "staff_velocity": 0.58,
  "drone_velocity": 0.83,
  "M_t": 1400,
  "M_d": 5,
  "num_staff": 1,
  "num_drone": 1,
  "use_ejection": true,
  "use_inter": true,
  "use_intra": true,
  "solver": "CPLEX",
  "solver_log": false,
  "num_worker": -1,
  "time_limit": 18000,
  "model_params": {},
  "Optimal": 19.675742355632206,
  "Solve_Time": 1803.037273645401,
  "num_constraint": 3475,
  "Number of variables": 3331,
  "status": "OPTIMAL"
}