{
  "x": {
    "x[1,4,0,0]": 1.0,
    "x[4,5,0,0]": 1.0,
    "x[5,11,0,0]": 1.0,
    "x[6,9,0,0]": 1.0,
    "x[9,10,0,0]": 1.0,
    "x[10,1,0,0]": 1.0,
    "x[0,6,0,0]": 1.0
  },
  "y": {
    "y[2,11,0,0]": 1.0,
    "y[0,2,0,0]": 1.0,
    "y[3,7,0,1]": 1.0,
    "y[7,11,0,1]": 1.0,
    "y[8,3,0,1]": 1.0,
    "y[0,8,0,1]": 1.0
  },
  "T1": {},
  "T": {
    "T[0,0]": 12.643628705280177,
    "T[0,1]": 17.523793530615812
  },
  "A": {
    "A[0]": 29.50925206981018
  },
  "B": {
    "B[0]": 30.16742223589599
  },
  "L_w": 120,
  "L_d": 30,
  "staff_velocity": 0.58,
  "drone_velocity": 0.83,
  "M_t": 1400,
  "M_d": 5,
  "num_staff": 1,
  "num_drone": 1,
  "use_ejection": true,
  "use_inter": true,
  "use_intra": true,
  "solver": "CPLEX",
  "solver_log": false,
  "num_worker": -1,
  "time_limit": 18000,
  "model_params": {},
  "Optimal": 30.16742223589599,
  "Solve_Time": 0.5202455520629883,
  "num_constraint": 2053,
  "Number of variables": 1935,
  "status": "OPTIMAL"
}