{
  "x": {
    "x[10,16,0,0]": 1.0,
    "x[13,21,0,0]": 1.0,
    "x[15,10,0,0]": 1.0,
    "x[16,13,0,0]": 1.0,
    "x[0,15,0,0]": 1.0,
    "x[1,11,1,0]": 1.0,
    "x[2,6,1,0]": 1.0,
    "x[6,1,1,0]": 1.0,
    "x[7,14,1,0]": 1.0,
    "x[8,2,1,0]": 1.0,
    "x[11,21,1,0]": 1.0,
    "x[14,8,1,0]": 1.0,
    "x[0,7,1,0]": 1.0
  },
  "y": {
    "y[3,20,0,0]": 1.0,
    "y[9,21,0,0]": 1.0,
    "y[17,3,0,0]": 1.0,
    "y[18,17,0,0]": 1.0,
    "y[20,9,0,0]": 1.0,
    "y[0,18,0,0]": 1.0,
    "y[4,5,1,0]": 1.0,
    "y[5,19,1,0]": 1.0,
    "y[12,21,1,0]": 1.0,
    "y[19,12,1,0]": 1.0,
    "y[0,4,1,0]": 1.0
  },
  "T1": {},
  "T": {
    "T[0,0]": 24.287406730758075,
    "T[1,0]": 24.7413386086803
  },
  "A": {
    "A[0]": 24.662134418028906,
    "A[1]": 24.223107800818394
  },
  "B": {
    "B[0]": 24.287406730758075,
    "B[1]": 24.7413386046803
  },
  "L_w": 120,
  "L_d": 30,
  "staff_velocity": 0.58,
  "drone_velocity": 0.83,
  "M_t": 1400,
  "M_d": 5,
  "num_staff": 2,
  "num_drone": 2,
  "use_ejection": true,
  "use_inter": true,
  "use_intra": true,
  "solver": "CPLEX",
  "solver_log": false,
  "num_worker": -1,
  "time_limit": 36000,
  "model_params": {},
  "Optimal": 24.7413386046803,
  "Solve_Time": 36005.500462055206,
  "num_constraint": 26029,
  "Number of variables": 25609,
  "status": "FEASIBLE"
}