{
  "x": {
    "x[2,4,0,0]": 1.0,
    "x[4,16,0,0]": 1.0,
    "x[8,2,0,0]": 1.0,
    "x[11,21,0,0]": 1.0,
    "x[16,20,0,0]": 1.0,
    "x[20,11,0,0]": 1.0,
    "x[0,8,0,0]": 1.0,
    "x[5,19,1,0]": 1.0,
    "x[6,14,1,0]": 1.0,
    "x[13,15,1,0]": 1.0,
    "x[14,21,1,0]": 1.0,
    "x[15,5,1,0]": 1.0,
    "x[19,6,1,0]": 1.0,
    "x[0,13,1,0]": 1.0
  },
  "y": {
    "y[7,9,0,0]": 1.0,
    "y[9,12,0,0]": 1.0,
    "y[12,21,0,0]": 1.0,
    "y[18,7,0,0]": 1.0,
    "y[0,18,0,0]": 1.0,
    "y[3,21,1,0]": 1.0,
    "y[10,3,1,0]": 1.0,
    "y[0,10,1,0]": 1.0,
    "y[1,17,1,1]": 1.0,
    "y[17,21,1,1]": 1.0,
    "y[0,1,1,1]": 1.0
  },
  "T1": {},
  "T": {
    "T[0,0]": 23.91315734642979,
    "T[1,0]": 13.804521704122436,
    "T[1,1]": 11.016057616972354
  },
  "A": {
    "A[0]": 24.37387688510642,
    "A[1]": 24.769715458501164
  },
  "B": {
    "B[0]": 23.91315734642979,
    "B[1]": 24.82057932109479
  },
  "L_w": 120,
  "L_d": 30,
  "staff_velocity": 0.58,
  "drone_velocity": 0.83,
  "M_t": 1400,
  "M_d": 5,
  "num_staff": 2,
  "num_drone": 2,
  "use_ejection": true,
  "use_inter": true,
  "use_intra": true,
  "solver": "CPLEX",
  "solver_log": false,
  "num_worker": -1,
  "time_limit": 36000,
  "model_params": {},
  "Optimal": 24.82057932109479,
  "Solve_Time": 36084.737834692,
  "num_constraint": 33629,
  "Number of variables": 33161,
  "status": "FEASIBLE"
}