{
  "x": {
    "x[2,10,0,0]": 1.0,
    "x[5,11,0,0]": 1.0,
    "x[10,5,0,0]": 1.0,
    "x[0,2,0,0]": 1.0
  },
  "y": {
    "y[6,9,0,0]": 1.0,
    "y[7,8,0,0]": 1.0,
    "y[8,6,0,0]": 1.0,
    "y[9,11,0,0]": 1.0,
    "y[0,7,0,0]": 1.0,
    "y[1,4,0,1]": 1.0,
    "y[3,1,0,1]": 1.0,
    "y[4,11,0,1]": 1.0,
    "y[0,3,0,1]": 1.0
  },
  "T1": {},
  "T": {
    "T[0,0]": 18.424602866140177,
    "T[0,1]": 13.8372685195741
  },
  "A": {
    "A[0]": 33.63813734679703
  },
  "B": {
    "B[0]": 32.26187138571427
  },
  "L_w": 120,
  "L_d": 30,
  "staff_velocity": 0.58,
  "drone_velocity": 0.83,
  "M_t": 1400,
  "M_d": 5,
  "num_staff": 1,
  "num_drone": 1,
  "use_ejection": true,
  "use_inter": true,
  "use_intra": true,
  "solver": "CPLEX",
  "solver_log": false,
  "num_worker": -1,
  "time_limit": 18000,
  "model_params": {},
  "Optimal": 33.63813734679703,
  "Solve_Time": 1.0454511642456055,
  "num_constraint": 2053,
  "Number of variables": 1935,
  "status": "OPTIMAL"
}