{
  "x": {
    "x[4,9,0,0]": 1.0,
    "x[9,19,0,0]": 1.0,
    "x[14,15,0,0]": 1.0,
    "x[15,21,0,0]": 1.0,
    "x[19,14,0,0]": 1.0,
    "x[0,4,0,0]": 1.0,
    "x[1,12,1,0]": 1.0,
    "x[8,17,1,0]": 1.0,
    "x[12,18,1,0]": 1.0,
    "x[17,20,1,0]": 1.0,
    "x[18,21,1,0]": 1.0,
    "x[20,1,1,0]": 1.0,
    "x[0,8,1,0]": 1.0
  },
  "y": {
    "y[2,7,0,0]": 1.0,
    "y[6,11,0,0]": 1.0,
    "y[7,21,0,0]": 1.0,
    "y[11,2,0,0]": 1.0,
    "y[16,6,0,0]": 1.0,
    "y[0,16,0,0]": 1.0,
    "y[3,10,1,0]": 1.0,
    "y[5,13,1,0]": 1.0,
    "y[10,21,1,0]": 1.0,
    "y[13,3,1,0]": 1.0,
    "y[0,5,1,0]": 1.0
  },
  "T1": {},
  "T": {
    "T[0,0]": 8.845899568887745,
    "T[1,0]": 9.121985476094757
  },
  "A": {
    "A[0]": 9.830236515804875,
    "A[1]": 9.251425017229542
  },
  "B": {
    "B[0]": 8.845899568887745,
    "B[1]": 9.121985476094757
  },
  "L_w": 120,
  "L_d": 30,
  "staff_velocity": 0.58,
  "drone_velocity": 0.83,
  "M_t": 1400,
  "M_d": 5,
  "num_staff": 2,
  "num_drone": 2,
  "use_ejection": true,
  "use_inter": true,
  "use_intra": true,
  "solver": "CPLEX",
  "solver_log": false,
  "num_worker": -1,
  "time_limit": 36000,
  "model_params": {},
  "Optimal": 9.830236515804875,
  "Solve_Time": 36009.52360486984,
  "num_constraint": 31405,
  "Number of variables": 30949,
  "status": "FEASIBLE"
}