{
  "x": {
    "x[4,10,0,0]": 1.0,
    "x[7,11,0,0]": 1.0,
    "x[8,9,0,0]": 1.0,
    "x[9,7,0,0]": 1.0,
    "x[10,8,0,0]": 1.0,
    "x[0,4,0,0]": 1.0
  },
  "y": {
    "y[1,2,0,0]": 1.0,
    "y[2,11,0,0]": 1.0,
    "y[0,1,0,0]": 1.0,
    "y[5,11,0,1]": 1.0,
    "y[0,5,0,1]": 1.0,
    "y[3,11,0,2]": 1.0,
    "y[6,3,0,2]": 1.0,
    "y[0,6,0,2]": 1.0
  },
  "T1": {},
  "T": {
    "T[0,0]": 24.939527293791265,
    "T[0,1]": 9.912488458925768,
    "T[0,2]": 24.250380706386565
  },
  "A": {
    "A[0]": 61.1735851913054
  },
  "B": {
    "B[0]": 59.1023964591036
  },
  "L_w": 120,
  "L_d": 30,
  "staff_velocity": 0.58,
  "drone_velocity": 0.83,
  "M_t": 1400,
  "M_d": 5,
  "num_staff": 1,
  "num_drone": 1,
  "use_ejection": true,
  "use_inter": true,
  "use_intra": true,
  "solver": "CPLEX",
  "solver_log": false,
  "num_worker": -1,
  "time_limit": 18000,
  "model_params": {},
  "Optimal": 61.1735851913054,
  "Solve_Time": 1.8333609104156494,
  "num_constraint": 1843,
  "Number of variables": 1731,
  "status": "OPTIMAL"
}