{
  "x": {
    "x[2,11,0,0]": 1.0,
    "x[3,2,0,0]": 1.0,
    "x[5,13,0,0]": 1.0,
    "x[6,12,0,0]": 1.0,
    "x[8,5,0,0]": 1.0,
    "x[9,8,0,0]": 1.0,
    "x[11,9,0,0]": 1.0,
    "x[12,3,0,0]": 1.0,
    "x[0,6,0,0]": 1.0
  },
  "y": {
    "y[1,7,0,0]": 1.0,
    "y[7,10,0,0]": 1.0,
    "y[10,13,0,0]": 1.0,
    "y[0,1,0,0]": 1.0,
    "y[4,13,0,1]": 1.0,
    "y[0,4,0,1]": 1.0
  },
  "T1": {},
  "T": {
    "T[0,0]": 26.278550272983157,
    "T[0,1]": 23.272010872791743
  },
  "A": {
    "A[0]": 51.11042867806536
  },
  "B": {
    "B[0]": 49.5505611457749
  },
  "L_w": 120,
  "L_d": 30,
  "staff_velocity": 0.58,
  "drone_velocity": 0.83,
  "M_t": 1400,
  "M_d": 5,
  "num_staff": 1,
  "num_drone": 1,
  "use_ejection": true,
  "use_inter": true,
  "use_intra": true,
  "solver": "CPLEX",
  "solver_log": false,
  "num_worker": -1,
  "time_limit": 18000,
  "model_params": {},
  "Optimal": 51.11042867806536,
  "Solve_Time": 4.9934985637664795,
  "num_constraint": 3155,
  "Number of variables": 3017,
  "status": "OPTIMAL"
}