{
  "x": {
    "x[1,11,0,0]": 1.0,
    "x[2,9,0,0]": 1.0,
    "x[7,1,0,0]": 1.0,
    "x[8,7,0,0]": 1.0,
    "x[9,12,0,0]": 1.0,
    "x[10,2,0,0]": 1.0,
    "x[11,13,0,0]": 1.0,
    "x[12,8,0,0]": 1.0,
    "x[0,10,0,0]": 1.0
  },
  "y": {
    "y[4,5,0,0]": 1.0,
    "y[5,13,0,0]": 1.0,
    "y[6,4,0,0]": 1.0,
    "y[0,6,0,0]": 1.0,
    "y[3,13,0,1]": 1.0,
    "y[0,3,0,1]": 1.0
  },
  "T1": {},
  "T": {
    "T[0,0]": 23.78098052143816,
    "T[0,1]": 6.641420112944334
  },
  "A": {
    "A[0]": 33.14979322850961
  },
  "B": {
    "B[0]": 30.422400634382495
  },
  "L_w": 120,
  "L_d": 30,
  "staff_velocity": 0.58,
  "drone_velocity": 0.83,
  "M_t": 1400,
  "M_d": 5,
  "num_staff": 1,
  "num_drone": 1,
  "use_ejection": true,
  "use_inter": true,
  "use_intra": true,
  "solver": "CPLEX",
  "solver_log": false,
  "num_worker": -1,
  "time_limit": 18000,
  "model_params": {},
  "Optimal": 33.14979322850961,
  "Solve_Time": 5.651592254638672,
  "num_constraint": 3475,
  "Number of variables": 3331,
  "status": "OPTIMAL"
}