{
  "x": {
    "x[2,10,0,0]": 1.0,
    "x[5,21,0,0]": 1.0,
    "x[10,13,0,0]": 1.0,
    "x[11,2,0,0]": 1.0,
    "x[13,5,0,0]": 1.0,
    "x[0,11,0,0]": 1.0,
    "x[3,8,1,0]": 1.0,
    "x[8,16,1,0]": 1.0,
    "x[9,3,1,0]": 1.0,
    "x[12,9,1,0]": 1.0,
    "x[16,21,1,0]": 1.0,
    "x[0,12,1,0]": 1.0
  },
  "y": {
    "y[4,19,0,0]": 1.0,
    "y[19,21,0,0]": 1.0,
    "y[0,4,0,0]": 1.0,
    "y[7,18,0,1]": 1.0,
    "y[17,7,0,1]": 1.0,
    "y[18,21,0,1]": 1.0,
    "y[0,17,0,1]": 1.0,
    "y[1,15,1,0]": 1.0,
    "y[6,21,1,0]": 1.0,
    "y[14,6,1,0]": 1.0,
    "y[15,14,1,0]": 1.0,
    "y[0,1,1,0]": 1.0,
    "y[20,21,1,1]": 1.0,
    "y[0,20,1,1]": 1.0
  },
  "T1": {},
  "T": {
    "T[0,0]": 27.575399026104645,
    "T[0,1]": 22.314798393570435,
    "T[1,0]": 26.18925213608859,
    "T[1,1]": 23.12772519289791
  },
  "A": {
    "A[0]": 50.49364853263999,
    "A[1]": 51.17977642890989
  },
  "B": {
    "B[0]": 49.890197419675076,
    "B[1]": 49.316977328986496
  },
  "L_w": 120,
  "L_d": 30,
  "staff_velocity": 0.58,
  "drone_velocity": 0.83,
  "M_t": 1400,
  "M_d": 5,
  "num_staff": 2,
  "num_drone": 2,
  "use_ejection": true,
  "use_inter": true,
  "use_intra": true,
  "solver": "CPLEX",
  "solver_log": false,
  "num_worker": -1,
  "time_limit": 36000,
  "model_params": {},
  "Optimal": 51.17977642890989,
  "Solve_Time": 36004.19166469574,
  "num_constraint": 31405,
  "Number of variables": 30949,
  "status": "FEASIBLE"
}