{
  "x": {
    "x[8,20,0,0]": 1.0,
    "x[13,14,0,0]": 1.0,
    "x[14,21,0,0]": 1.0,
    "x[18,8,0,0]": 1.0,
    "x[20,13,0,0]": 1.0,
    "x[0,18,0,0]": 1.0,
    "x[3,4,1,0]": 1.0,
    "x[4,11,1,0]": 1.0,
    "x[6,21,1,0]": 1.0,
    "x[11,6,1,0]": 1.0,
    "x[19,3,1,0]": 1.0,
    "x[0,19,1,0]": 1.0
  },
  "y": {
    "y[7,16,0,0]": 1.0,
    "y[16,21,0,0]": 1.0,
    "y[0,7,0,0]": 1.0,
    "y[1,2,0,1]": 1.0,
    "y[2,21,0,1]": 1.0,
    "y[0,1,0,1]": 1.0,
    "y[5,21,1,0]": 1.0,
    "y[12,15,1,0]": 1.0,
    "y[15,5,1,0]": 1.0,
    "y[0,12,1,0]": 1.0,
    "y[9,21,1,1]": 1.0,
    "y[10,17,1,1]": 1.0,
    "y[17,9,1,1]": 1.0,
    "y[0,10,1,1]": 1.0
  },
  "T1": {},
  "T": {
    "T[0,0]": 24.498729594431655,
    "T[0,1]": 24.855709464128818,
    "T[1,0]": 21.31667046955039,
    "T[1,1]": 29.82473081344483
  },
  "A": {
    "A[0]": 48.38900999095837,
    "A[1]": 51.19144378806142
  },
  "B": {
    "B[0]": 49.35443905856047,
    "B[1]": 51.14140128299522
  },
  "L_w": 120,
  "L_d": 30,
  "staff_velocity": 0.58,
  "drone_velocity": 0.83,
  "M_t": 1400,
  "M_d": 5,
  "num_staff": 2,
  "num_drone": 2,
  "use_ejection": true,
  "use_inter": true,
  "use_intra": true,
  "solver": "CPLEX",
  "solver_log": false,
  "num_worker": -1,
  "time_limit": 36000,
  "model_params": {},
  "Optimal": 51.19144378806142,
  "Solve_Time": 36142.64131164551,
  "num_constraint": 33629,
  "Number of variables": 33161,
  "status": "FEASIBLE"
}