{
  "x": {
    "x[2,5,0,0]": 1.0,
    "x[3,9,0,0]": 1.0,
    "x[5,3,0,0]": 1.0,
    "x[7,11,0,0]": 1.0,
    "x[9,7,0,0]": 1.0,
    "x[0,2,0,0]": 1.0
  },
  "y": {
    "y[1,6,0,0]": 1.0,
    "y[6,11,0,0]": 1.0,
    "y[0,1,0,0]": 1.0,
    "y[4,10,0,1]": 1.0,
    "y[8,4,0,1]": 1.0,
    "y[10,11,0,1]": 1.0,
    "y[0,8,0,1]": 1.0
  },
  "T1": {},
  "T": {
    "T[0,0]": 29.354810731518505,
    "T[0,1]": 18.740252971010847
  },
  "A": {
    "A[0]": 51.54656875792651
  },
  "B": {
    "B[0]": 48.09506370252935
  },
  "L_w": 120,
  "L_d": 30,
  "staff_velocity": 0.58,
  "drone_velocity": 0.83,
  "M_t": 1400,
  "M_d": 5,
  "num_staff": 1,
  "num_drone": 1,
  "use_ejection": true,
  "use_inter": true,
  "use_intra": true,
  "solver": "CPLEX",
  "solver_log": false,
  "num_worker": -1,
  "time_limit": 18000,
  "model_params": {},
  "Optimal": 51.54656875792651,
  "Solve_Time": 3.0902867317199707,
  "num_constraint": 2315,
  "Number of variables": 2191,
  "status": "OPTIMAL"
}