{
  "x": {
    "x[3,4,0,0]": 1.0,
    "x[4,7,0,0]": 1.0,
    "x[0,3,0,0]": 1.0
  },
  "y": {
    "y[5,6,0,0]": 1.0,
    "y[6,7,0,0]": 1.0,
    "y[0,5,0,0]": 1.0,
    "y[1,7,0,1]": 1.0,
    "y[2,1,0,1]": 1.0,
    "y[0,2,0,1]": 1.0
  },
  "T1": {},
  "T": {
    "T[0,0]": 26.452428879912517,
    "T[0,1]": 19.7993322436222
  },
  "A": {
    "A[0]": 46.71044569398909
  },
  "B": {
    "B[0]": 46.25176112353472
  },
  "L_w": 120,
  "L_d": 30,
  "staff_velocity": 0.58,
  "drone_velocity": 0.83,
  "M_t": 1400,
  "M_d": 5,
  "num_staff": 1,
  "num_drone": 1,
  "use_ejection": true,
  "use_inter": true,
  "use_intra": true,
  "solver": "CPLEX",
  "solver_log": false,
  "num_worker": -1,
  "time_limit": 18000,
  "model_params": {},
  "Optimal": 46.71044569398909,
  "Solve_Time": 0.1050870418548584,
  "num_constraint": 595,
  "Number of variables": 523,
  "status": "OPTIMAL"
}