{
  "x": {
    "x[2,4,0,0]": 1.0,
    "x[3,7,0,0]": 1.0,
    "x[4,5,0,0]": 1.0,
    "x[5,3,0,0]": 1.0,
    "x[7,11,0,0]": 1.0,
    "x[0,2,0,0]": 1.0
  },
  "y": {
    "y[6,11,0,0]": 1.0,
    "y[0,6,0,0]": 1.0,
    "y[8,11,0,1]": 1.0,
    "y[0,8,0,1]": 1.0,
    "y[1,11,0,2]": 1.0,
    "y[0,1,0,2]": 1.0,
    "y[9,11,0,3]": 1.0,
    "y[10,9,0,3]": 1.0,
    "y[0,10,0,3]": 1.0
  },
  "T1": {},
  "T": {
    "T[0,0]": 4.511965200517776,
    "T[0,1]": 5.167769327914999,
    "T[0,2]": 2.8479944965818165,
    "T[0,3]": 6.946152837506453
  },
  "A": {
    "A[0]": 20.33200786855219
  },
  "B": {
    "B[0]": 19.473881862521043
  },
  "L_w": 120,
  "L_d": 30,
  "staff_velocity": 0.58,
  "drone_velocity": 0.83,
  "M_t": 1400,
  "M_d": 5,
  "num_staff": 1,
  "num_drone": 1,
  "use_ejection": true,
  "use_inter": true,
  "use_intra": true,
  "solver": "CPLEX",
  "solver_log": false,
  "num_worker": -1,
  "time_limit": 18000,
  "model_params": {},
  "Optimal": 20.33200786855219,
  "Solve_Time": 0.5542693138122559,
  "num_constraint": 1555,
  "Number of variables": 1455,
  "status": "OPTIMAL"
}