{
  "x": {
    "x[1,10,0,0]": 1.0,
    "x[9,1,0,0]": 1.0,
    "x[10,18,0,0]": 1.0,
    "x[11,16,0,0]": 1.0,
    "x[12,9,0,0]": 1.0,
    "x[16,21,0,0]": 1.0,
    "x[18,11,0,0]": 1.0,
    "x[0,12,0,0]": 1.0,
    "x[6,8,1,0]": 1.0,
    "x[8,17,1,0]": 1.0,
    "x[13,21,1,0]": 1.0,
    "x[17,13,1,0]": 1.0,
    "x[20,6,1,0]": 1.0,
    "x[0,20,1,0]": 1.0
  },
  "y": {
    "y[15,21,0,0]": 1.0,
    "y[19,15,0,0]": 1.0,
    "y[0,19,0,0]": 1.0,
    "y[14,21,0,1]": 1.0,
    "y[0,14,0,1]": 1.0,
    "y[7,21,1,0]": 1.0,
    "y[0,7,1,0]": 1.0,
    "y[2,4,1,1]": 1.0,
    "y[3,5,1,1]": 1.0,
    "y[4,21,1,1]": 1.0,
    "y[5,2,1,1]": 1.0,
    "y[0,3,1,1]": 1.0
  },
  "T1": {},
  "T": {
    "T[0,0]": 6.118616976165556,
    "T[0,1]": 6.740964240744198,
    "T[1,0]": 3.317271371554443,
    "T[1,1]": 9.3346015123442
  },
  "A": {
    "A[0]": 12.779621609244224,
    "A[1]": 12.759798054047316
  },
  "B": {
    "B[0]": 12.859581216909755,
    "B[1]": 12.651872883898644
  },
  "L_w": 120,
  "L_d": 30,
  "staff_velocity": 0.58,
  "drone_velocity": 0.83,
  "M_t": 1400,
  "M_d": 5,
  "num_staff": 2,
  "num_drone": 2,
  "use_ejection": true,
  "use_inter": true,
  "use_intra": true,
  "solver": "CPLEX",
  "solver_log": false,
  "num_worker": -1,
  "time_limit": 36000,
  "model_params": {},
  "Optimal": 12.859581216909755,
  "Solve_Time": 36204.83543038368,
  "num_constraint": 26029,
  "Number of variables": 25609,
  "status": "FEASIBLE"
}