{
  "x": {
    "x[1,11,0,0]": 1.0,
    "x[3,1,0,0]": 1.0,
    "x[5,8,0,0]": 1.0,
    "x[7,3,0,0]": 1.0,
    "x[8,7,0,0]": 1.0,
    "x[0,5,0,0]": 1.0
  },
  "y": {
    "y[2,10,0,0]": 1.0,
    "y[9,2,0,0]": 1.0,
    "y[10,11,0,0]": 1.0,
    "y[0,9,0,0]": 1.0,
    "y[6,11,0,1]": 1.0,
    "y[0,6,0,1]": 1.0,
    "y[4,11,0,2]": 1.0,
    "y[0,4,0,2]": 1.0
  },
  "T1": {},
  "T": {
    "T[0,0]": 23.728382931407623,
    "T[0,1]": 28.579706972568616,
    "T[0,2]": 23.27242383697384
  },
  "A": {
    "A[0]": 79.62697291764461
  },
  "B": {
    "B[0]": 75.58051374095008
  },
  "L_w": 120,
  "L_d": 30,
  "staff_velocity": 0.58,
  "drone_velocity": 0.83,
  "M_t": 1400,
  "M_d": 5,
  "num_staff": 1,
  "num_drone": 1,
  "use_ejection": true,
  "use_inter": true,
  "use_intra": true,
  "solver": "CPLEX",
  "solver_log": false,
  "num_worker": -1,
  "time_limit": 18000,
  "model_params": {},
  "Optimal": 79.62697291764461,
  "Solve_Time": 2.5871505737304688,
  "num_constraint": 2053,
  "Number of variables": 1935,
  "status": "OPTIMAL"
}