{
  "x": {
    "x[4,13,0,0]": 1.0,
    "x[5,4,0,0]": 1.0,
    "x[7,8,0,0]": 1.0,
    "x[8,5,0,0]": 1.0,
    "x[9,7,0,0]": 1.0,
    "x[0,9,0,0]": 1.0
  },
  "y": {
    "y[6,13,0,0]": 1.0,
    "y[10,6,0,0]": 1.0,
    "y[0,10,0,0]": 1.0,
    "y[3,13,0,1]": 1.0,
    "y[0,3,0,1]": 1.0,
    "y[1,13,0,2]": 1.0,
    "y[0,1,0,2]": 1.0,
    "y[2,12,0,3]": 1.0,
    "y[11,2,0,3]": 1.0,
    "y[12,13,0,3]": 1.0,
    "y[0,11,0,3]": 1.0
  },
  "T1": {},
  "T": {
    "T[0,0]": 19.63074349582311,
    "T[0,1]": 19.831506513728762,
    "T[0,2]": 17.499639782244845,
    "T[0,3]": 29.13458823186472
  },
  "A": {
    "A[0]": 125.90794956724451
  },
  "B": {
    "B[0]": 86.09647802366143
  },
  "L_w": 120,
  "L_d": 30,
  "staff_velocity": 0.58,
  "drone_velocity": 0.83,
  "M_t": 1400,
  "M_d": 5,
  "num_staff": 1,
  "num_drone": 1,
  "use_ejection": true,
  "use_inter": true,
  "use_intra": true,
  "solver": "CPLEX",
  "solver_log": false,
  "num_worker": -1,
  "time_limit": 18000,
  "model_params": {},
  "Optimal": 125.90794956724451,
  "Solve_Time": 3.2036383152008057,
  "num_constraint": 3475,
  "Number of variables": 3331,
  "status": "OPTIMAL"
}