{
  "x": {
    "x[1,14,0,0]": 1.0,
    "x[3,1,0,0]": 1.0,
    "x[4,21,0,0]": 1.0,
    "x[6,4,0,0]": 1.0,
    "x[8,6,0,0]": 1.0,
    "x[14,8,0,0]": 1.0,
    "x[19,3,0,0]": 1.0,
    "x[0,19,0,0]": 1.0,
    "x[10,17,1,0]": 1.0,
    "x[12,18,1,0]": 1.0,
    "x[13,12,1,0]": 1.0,
    "x[17,13,1,0]": 1.0,
    "x[18,21,1,0]": 1.0,
    "x[0,10,1,0]": 1.0
  },
  "y": {
    "y[20,21,0,0]": 1.0,
    "y[0,20,0,0]": 1.0,
    "y[5,15,0,1]": 1.0,
    "y[9,5,0,1]": 1.0,
    "y[15,21,0,1]": 1.0,
    "y[0,9,0,1]": 1.0,
    "y[2,21,1,0]": 1.0,
    "y[0,2,1,0]": 1.0,
    "y[7,21,1,1]": 1.0,
    "y[11,16,1,1]": 1.0,
    "y[16,7,1,1]": 1.0,
    "y[0,11,1,1]": 1.0
  },
  "T1": {},
  "T": {
    "T[0,0]": 1.8319633355457934,
    "T[0,1]": 18.773756527826336,
    "T[1,0]": 4.480458905026493,
    "T[1,1]": 19.851065014530597
  },
  "A": {
    "A[0]": 24.333657290389652,
    "A[1]": 23.3107316772527
  },
  "B": {
    "B[0]": 20.60571986337213,
    "B[1]": 24.331523919557092
  },
  "L_w": 120,
  "L_d": 30,
  "staff_velocity": 0.58,
  "drone_velocity": 0.83,
  "M_t": 1400,
  "M_d": 5,
  "num_staff": 2,
  "num_drone": 2,
  "use_ejection": true,
  "use_inter": true,
  "use_intra": true,
  "solver": "CPLEX",
  "solver_log": false,
  "num_worker": -1,
  "time_limit": 36000,
  "model_params": {},
  "Optimal": 24.333657290389652,
  "Solve_Time": 36208.23868608475,
  "num_constraint": 29405,
  "Number of variables": 28961,
  "status": "FEASIBLE"
}