{
  "x": {
    "x[2,8,0,0]": 1.0,
    "x[3,12,0,0]": 1.0,
    "x[6,7,0,0]": 1.0,
    "x[7,13,0,0]": 1.0,
    "x[8,3,0,0]": 1.0,
    "x[12,6,0,0]": 1.0,
    "x[0,2,0,0]": 1.0
  },
  "y": {
    "y[1,13,0,0]": 1.0,
    "y[5,10,0,0]": 1.0,
    "y[9,1,0,0]": 1.0,
    "y[10,9,0,0]": 1.0,
    "y[0,5,0,0]": 1.0,
    "y[4,11,0,1]": 1.0,
    "y[11,13,0,1]": 1.0,
    "y[0,4,0,1]": 1.0
  },
  "T1": {},
  "T": {
    "T[0,0]": 22.85397921202079,
    "T[0,1]": 8.217935812290365
  },
  "A": {
    "A[0]": 31.02071186837534
  },
  "B": {
    "B[0]": 31.071915024311153
  },
  "L_w": 120,
  "L_d": 30,
  "staff_velocity": 0.58,
  "drone_velocity": 0.83,
  "M_t": 1400,
  "M_d": 5,
  "num_staff": 1,
  "num_drone": 1,
  "use_ejection": true,
  "use_inter": true,
  "use_intra": true,
  "solver": "CPLEX",
  "solver_log": false,
  "num_worker": -1,
  "time_limit": 18000,
  "model_params": {},
  "Optimal": 31.071915024311153,
  "Solve_Time": 4.750018835067749,
  "num_constraint": 3155,
  "Number of variables": 3017,
  "status": "OPTIMAL"
}