{
  "x": {
    "x[5,33,1,0]": 1.0,
    "x[7,12,1,0]": 1.0,
    "x[9,37,1,0]": 1.0,
    "x[12,47,1,0]": 1.0,
    "x[33,7,1,0]": 1.0,
    "x[37,5,1,0]": 1.0,
    "x[47,51,1,0]": 1.0,
    "x[0,9,1,0]": 1.0,
    "x[3,4,1,1]": 1.0,
    "x[4,51,1,1]": 1.0,
    "x[18,23,1,1]": 1.0,
    "x[23,44,1,1]": 1.0,
    "x[44,3,1,1]": 1.0,
    "x[0,18,1,1]": 1.0,
    "x[2,46,1,2]": 1.0,
    "x[8,2,1,2]": 1.0,
    "x[20,25,1,2]": 1.0,
    "x[25,35,1,2]": 1.0,
    "x[35,8,1,2]": 1.0,
    "x[46,51,1,2]": 1.0,
    "x[0,20,1,2]": 1.0,
    "x[10,49,2,0]": 1.0,
    "x[13,45,2,0]": 1.0,
    "x[29,48,2,0]": 1.0,
    "x[36,51,2,0]": 1.0,
    "x[39,36,2,0]": 1.0,
    "x[40,39,2,0]": 1.0,
    "x[45,40,2,0]": 1.0,
    "x[48,10,2,0]": 1.0,
    "x[49,13,2,0]": 1.0,
    "x[50,29,2,0]": 1.0,
    "x[0,50,2,0]": 1.0
  },
  "y": {
    "y[21,51,2,0]": 1.0,
    "y[34,21,2,0]": 1.0,
    "y[0,34,2,0]": 1.0,
    "y[32,51,2,1]": 1.0,
    "y[0,32,2,1]": 1.0,
    "y[15,51,2,2]": 1.0,
    "y[0,15,2,2]": 1.0,
    "y[11,27,2,3]": 1.0,
    "y[27,51,2,3]": 1.0,
    "y[0,11,2,3]": 1.0,
    "y[16,41,2,4]": 1.0,
    "y[28,16,2,4]": 1.0,
    "y[41,51,2,4]": 1.0,
    "y[0,28,2,4]": 1.0,
    "y[30,38,2,5]": 1.0,
    "y[38,42,2,5]": 1.0,
    "y[42,43,2,5]": 1.0,
    "y[43,51,2,5]": 1.0,
    "y[0,30,2,5]": 1.0,
    "y[19,51,2,6]": 1.0,
    "y[0,19,2,6]": 1.0,
    "y[24,51,2,7]": 1.0,
    "y[0,24,2,7]": 1.0,
    "y[6,51,2,8]": 1.0,
    "y[0,6,2,8]": 1.0,
    "y[31,51,2,9]": 1.0,
    "y[0,31,2,9]": 1.0,
    "y[14,51,2,10]": 1.0,
    "y[22,14,2,10]": 1.0,
    "y[26,22,2,10]": 1.0,
    "y[0,26,2,10]": 1.0,
    "y[1,17,2,11]": 1.0,
    "y[17,51,2,11]": 1.0,
    "y[0,1,2,11]": 1.0
  },
  "T1": {},
  "T": {
    "T[2,0]": 15.89326836589429,
    "T[2,1]": 7.080737713018686,
    "T[2,2]": 8.644858745063317,
    "T[2,3]": 7.791628498219696,
    "T[2,4]": 14.498210596187112,
    "T[2,5]": 22.763140958308924,
    "T[2,6]": 4.746708174112003,
    "T[2,7]": 10.75039439179801,
    "T[2,8]": 11.532638675113105,
    "T[2,9]": 3.1798014941328807,
    "T[2,10]": 17.996284697808818,
    "T[2,11]": 15.879288832358224
  },
  "A": {
    "A[1]": 140.31570082246117,
    "A[2]": 120.98732768189001
  },
  "B": {
    "B[2]": 140.7569611420151
  },
  "L_w": 120,
  "L_d": 30,
  "staff_velocity": 0.58,
  "drone_velocity": 0.83,
  "M_t": 1400,
  "M_d": 5,
  "num_staff": 3,
  "num_drone": 3,
  "use_ejection": true,
  "use_inter": true,
  "use_intra": true,
  "solver": "CPLEX",
  "solver_log": false,
  "num_worker": -1,
  "time_limit": 36000,
  "model_params": {},
  "Optimal": 140.7569611420151,
  "Solve_Time": 36023.959035396576,
  "num_constraint": 609815,
  "Number of variables": 608227,
  "status": "FEASIBLE"
}