{
  "x": {
    "x[2,5,0,0]": 1.0,
    "x[3,4,0,0]": 1.0,
    "x[4,7,0,0]": 1.0,
    "x[5,3,0,0]": 1.0,
    "x[0,2,0,0]": 1.0
  },
  "y": {
    "y[1,7,0,0]": 1.0,
    "y[6,1,0,0]": 1.0,
    "y[0,6,0,0]": 1.0
  },
  "T1": {},
  "T": {
    "T[0,0]": 15.787534086651707
  },
  "A": {
    "A[0]": 17.919882348321586
  },
  "B": {
    "B[0]": 15.787534086651707
  },
  "L_w": 120,
  "L_d": 30,
  "staff_velocity": 0.58,
  "drone_velocity": 0.83,
  "M_t": 1400,
  "M_d": 5,
  "num_staff": 1,
  "num_drone": 1,
  "use_ejection": true,
  "use_inter": true,
  "use_intra": true,
  "solver": "CPLEX",
  "solver_log": false,
  "num_worker": -1,
  "time_limit": 18000,
  "model_params": {},
  "Optimal": 17.919882348321586,
  "Solve_Time": 0.11679697036743164,
  "num_constraint": 719,
  "Number of variables": 641,
  "status": "OPTIMAL"
}