{
  "x": {
    "x[1,2,0,0]": 1.0,
    "x[2,11,0,0]": 1.0,
    "x[5,6,0,0]": 1.0,
    "x[6,1,0,0]": 1.0,
    "x[8,5,0,0]": 1.0,
    "x[0,8,0,0]": 1.0
  },
  "y": {
    "y[3,4,0,0]": 1.0,
    "y[4,9,0,0]": 1.0,
    "y[7,10,0,0]": 1.0,
    "y[9,7,0,0]": 1.0,
    "y[10,11,0,0]": 1.0,
    "y[0,3,0,0]": 1.0
  },
  "T1": {},
  "T": {
    "T[0,0]": 14.7975780397094
  },
  "A": {
    "A[0]": 14.859115774360799
  },
  "B": {
    "B[0]": 14.7975780397094
  },
  "L_w": 120,
  "L_d": 30,
  "staff_velocity": 0.58,
  "drone_velocity": 0.83,
  "M_t": 1400,
  "M_d": 5,
  "num_staff": 1,
  "num_drone": 1,
  "use_ejection": true,
  "use_inter": true,
  "use_intra": true,
  "solver": "CPLEX",
  "solver_log": false,
  "num_worker": -1,
  "time_limit": 18000,
  "model_params": {},
  "Optimal": 14.859115774360799,
  "Solve_Time": 2.811326026916504,
  "num_constraint": 2315,
  "Number of variables": 2191,
  "status": "OPTIMAL"
}