{
  "x": {
    "x[2,9,0,0]": 1.0,
    "x[3,8,0,0]": 1.0,
    "x[4,2,0,0]": 1.0,
    "x[6,3,0,0]": 1.0,
    "x[7,4,0,0]": 1.0,
    "x[8,11,0,0]": 1.0,
    "x[9,6,0,0]": 1.0,
    "x[0,7,0,0]": 1.0
  },
  "y": {
    "y[5,11,0,0]": 1.0,
    "y[0,5,0,0]": 1.0,
    "y[1,10,0,1]": 1.0,
    "y[10,11,0,1]": 1.0,
    "y[0,1,0,1]": 1.0
  },
  "T1": {},
  "T": {
    "T[0,0]": 27.352171953365364,
    "T[0,1]": 29.241830686260748
  },
  "A": {
    "A[0]": 54.885082001661736
  },
  "B": {
    "B[0]": 56.59400263962611
  },
  "L_w": 120,
  "L_d": 30,
  "staff_velocity": 0.58,
  "drone_velocity": 0.83,
  "M_t": 1400,
  "M_d": 5,
  "num_staff": 1,
  "num_drone": 1,
  "use_ejection": true,
  "use_inter": true,
  "use_intra": true,
  "solver": "CPLEX",
  "solver_log": false,
  "num_worker": -1,
  "time_limit": 18000,
  "model_params": {},
  "Optimal": 56.59400263962611,
  "Solve_Time": 2.719822883605957,
  "num_constraint": 1843,
  "Number of variables": 1731,
  "status": "OPTIMAL"
}