{
  "x": {
    "x[6,9,0,0]": 1.0,
    "x[9,13,0,0]": 1.0,
    "x[10,6,0,0]": 1.0,
    "x[12,10,0,0]": 1.0,
    "x[0,12,0,0]": 1.0
  },
  "y": {
    "y[1,7,0,0]": 1.0,
    "y[2,13,0,0]": 1.0,
    "y[5,1,0,0]": 1.0,
    "y[7,2,0,0]": 1.0,
    "y[0,5,0,0]": 1.0,
    "y[3,13,0,1]": 1.0,
    "y[8,3,0,1]": 1.0,
    "y[0,8,0,1]": 1.0,
    "y[4,11,0,2]": 1.0,
    "y[11,13,0,2]": 1.0,
    "y[0,4,0,2]": 1.0
  },
  "T1": {},
  "T": {
    "T[0,0]": 29.919287690295317,
    "T[0,1]": 13.173683846930302,
    "T[0,2]": 26.53368132524425
  },
  "A": {
    "A[0]": 70.76898165377969
  },
  "B": {
    "B[0]": 69.62665286246987
  },
  "L_w": 120,
  "L_d": 30,
  "staff_velocity": 0.58,
  "drone_velocity": 0.83,
  "M_t": 1400,
  "M_d": 5,
  "num_staff": 1,
  "num_drone": 1,
  "use_ejection": true,
  "use_inter": true,
  "use_intra": true,
  "solver": "CPLEX",
  "solver_log": false,
  "num_worker": -1,
  "time_limit": 18000,
  "model_params": {},
  "Optimal": 70.76898165377969,
  "Solve_Time": 7.993606328964233,
  "num_constraint": 3859,
  "Number of variables": 3709,
  "status": "OPTIMAL"
}