{
  "x": {
    "x[5,21,0,0]": 1.0,
    "x[7,5,0,0]": 1.0,
    "x[9,7,0,0]": 1.0,
    "x[12,16,0,0]": 1.0,
    "x[16,9,0,0]": 1.0,
    "x[0,12,0,0]": 1.0,
    "x[8,18,1,0]": 1.0,
    "x[13,21,1,0]": 1.0,
    "x[17,8,1,0]": 1.0,
    "x[18,13,1,0]": 1.0,
    "x[20,17,1,0]": 1.0,
    "x[0,20,1,0]": 1.0
  },
  "y": {
    "y[10,21,0,0]": 1.0,
    "y[19,10,0,0]": 1.0,
    "y[0,19,0,0]": 1.0,
    "y[1,2,0,1]": 1.0,
    "y[2,14,0,1]": 1.0,
    "y[14,21,0,1]": 1.0,
    "y[0,1,0,1]": 1.0,
    "y[3,21,1,0]": 1.0,
    "y[6,3,1,0]": 1.0,
    "y[15,6,1,0]": 1.0,
    "y[0,15,1,0]": 1.0,
    "y[4,21,1,1]": 1.0,
    "y[11,4,1,1]": 1.0,
    "y[0,11,1,1]": 1.0
  },
  "T1": {},
  "T": {
    "T[0,0]": 24.82630449665084,
    "T[0,1]": 26.321723684730696,
    "T[1,0]": 29.328083777747974,
    "T[1,1]": 20.30359139207702
  },
  "A": {
    "A[0]": 52.01989874248973,
    "A[1]": 50.766885213531566
  },
  "B": {
    "B[0]": 51.148028181381534,
    "B[1]": 49.631675169824994
  },
  "L_w": 120,
  "L_d": 30,
  "staff_velocity": 0.58,
  "drone_velocity": 0.83,
  "M_t": 1400,
  "M_d": 5,
  "num_staff": 2,
  "num_drone": 2,
  "use_ejection": true,
  "use_inter": true,
  "use_intra": true,
  "solver": "CPLEX",
  "solver_log": false,
  "num_worker": -1,
  "time_limit": 36000,
  "model_params": {},
  "Optimal": 52.01989874248973,
  "Solve_Time": 36001.42221093178,
  "num_constraint": 29405,
  "Number of variables": 28961,
  "status": "FEASIBLE"
}