{
  "x": {
    "x[2,10,0,0]": 1.0,
    "x[5,2,0,0]": 1.0,
    "x[7,5,0,0]": 1.0,
    "x[10,13,0,0]": 1.0,
    "x[11,7,0,0]": 1.0,
    "x[0,11,0,0]": 1.0
  },
  "y": {
    "y[3,13,0,0]": 1.0,
    "y[9,3,0,0]": 1.0,
    "y[0,9,0,0]": 1.0,
    "y[1,8,0,1]": 1.0,
    "y[4,1,0,1]": 1.0,
    "y[8,13,0,1]": 1.0,
    "y[0,4,0,1]": 1.0,
    "y[6,12,0,2]": 1.0,
    "y[12,13,0,2]": 1.0,
    "y[0,6,0,2]": 1.0
  },
  "T1": {},
  "T": {
    "T[0,0]": 10.129193378336549,
    "T[0,1]": 29.200271051137722,
    "T[0,2]": 26.355928058517115
  },
  "A": {
    "A[0]": 65.09298860708935
  },
  "B": {
    "B[0]": 65.68539248799138
  },
  "L_w": 120,
  "L_d": 30,
  "staff_velocity": 0.58,
  "drone_velocity": 0.83,
  "M_t": 1400,
  "M_d": 5,
  "num_staff": 1,
  "num_drone": 1,
  "use_ejection": true,
  "use_inter": true,
  "use_intra": true,
  "solver": "CPLEX",
  "solver_log": false,
  "num_worker": -1,
  "time_limit": 18000,
  "model_params": {},
  "Optimal": 65.6853924879914,
  "Solve_Time": 5.871718168258667,
  "num_constraint": 3859,
  "Number of variables": 3709,
  "status": "OPTIMAL"
}