{
  "x": {
    "x[2,5,0,0]": 1.0,
    "x[5,7,0,0]": 1.0,
    "x[0,2,0,0]": 1.0
  },
  "y": {
    "y[1,6,0,0]": 1.0,
    "y[3,7,0,0]": 1.0,
    "y[6,3,0,0]": 1.0,
    "y[0,1,0,0]": 1.0,
    "y[4,7,0,1]": 1.0,
    "y[0,4,0,1]": 1.0
  },
  "T1": {},
  "T": {
    "T[0,0]": 9.364437027539989,
    "T[0,1]": 2.4824699223585163
  },
  "A": {
    "A[0]": 12.083072053671524
  },
  "B": {
    "B[0]": 11.846906949898505
  },
  "L_w": 120,
  "L_d": 30,
  "staff_velocity": 0.58,
  "drone_velocity": 0.83,
  "M_t": 1400,
  "M_d": 5,
  "num_staff": 1,
  "num_drone": 1,
  "use_ejection": true,
  "use_inter": true,
  "use_intra": true,
  "solver": "CPLEX",
  "solver_log": false,
  "num_worker": -1,
  "time_limit": 18000,
  "model_params": {},
  "Optimal": 12.083072053671524,
  "Solve_Time": 0.10347366333007812,
  "num_constraint": 595,
  "Number of variables": 523,
  "status": "OPTIMAL"
}