{
  "x": {
    "x[3,12,0,0]": 1.0,
    "x[7,8,0,0]": 1.0,
    "x[8,28,0,0]": 1.0,
    "x[12,40,0,0]": 1.0,
    "x[17,49,0,0]": 1.0,
    "x[22,7,0,0]": 1.0,
    "x[28,3,0,0]": 1.0,
    "x[40,17,0,0]": 1.0,
    "x[42,51,0,0]": 1.0,
    "x[49,42,0,0]": 1.0,
    "x[0,22,0,0]": 1.0,
    "x[21,36,0,1]": 1.0,
    "x[36,48,0,1]": 1.0,
    "x[48,51,0,1]": 1.0,
    "x[0,21,0,1]": 1.0,
    "x[24,51,1,0]": 1.0,
    "x[0,24,1,0]": 1.0,
    "x[1,34,1,1]": 1.0,
    "x[6,33,1,1]": 1.0,
    "x[10,6,1,1]": 1.0,
    "x[14,10,1,1]": 1.0,
    "x[15,51,1,1]": 1.0,
    "x[20,1,1,1]": 1.0,
    "x[23,15,1,1]": 1.0,
    "x[29,45,1,1]": 1.0,
    "x[31,14,1,1]": 1.0,
    "x[33,29,1,1]": 1.0,
    "x[34,31,1,1]": 1.0,
    "x[44,23,1,1]": 1.0,
    "x[45,44,1,1]": 1.0,
    "x[0,20,1,1]": 1.0
  },
  "y": {
    "y[18,51,0,0]": 1.0,
    "y[25,50,0,0]": 1.0,
    "y[50,18,0,0]": 1.0,
    "y[0,25,0,0]": 1.0,
    "y[26,51,0,1]": 1.0,
    "y[35,41,0,1]": 1.0,
    "y[41,26,0,1]": 1.0,
    "y[0,35,0,1]": 1.0,
    "y[4,13,0,2]": 1.0,
    "y[5,4,0,2]": 1.0,
    "y[13,51,0,2]": 1.0,
    "y[0,5,0,2]": 1.0,
    "y[2,51,1,0]": 1.0,
    "y[16,39,1,0]": 1.0,
    "y[39,2,1,0]": 1.0,
    "y[46,47,1,0]": 1.0,
    "y[47,16,1,0]": 1.0,
    "y[0,46,1,0]": 1.0,
    "y[9,27,1,1]": 1.0,
    "y[19,9,1,1]": 1.0,
    "y[27,43,1,1]": 1.0,
    "y[43,51,1,1]": 1.0,
    "y[0,19,1,1]": 1.0,
    "y[30,51,1,2]": 1.0,
    "y[32,30,1,2]": 1.0,
    "y[37,32,1,2]": 1.0,
    "y[38,37,1,2]": 1.0,
    "y[0,38,1,2]": 1.0,
    "y[11,51,1,3]": 1.0,
    "y[0,11,1,3]": 1.0
  },
  "T1": {},
  "T": {
    "T[0,0]": 17.50902512361447,
    "T[0,1]": 19.042010944756377,
    "T[0,2]": 18.270611117813523,
    "T[1,0]": 21.301916775225898,
    "T[1,1]": 18.54127698461659,
    "T[1,2]": 14.974807797685875,
    "T[1,3]": 3.0455349481581813
  },
  "A": {
    "A[0]": 57.907616080741874,
    "A[1]": 54.92934476646554
  },
  "B": {
    "B[0]": 54.82164718618437,
    "B[1]": 57.86353650568655
  },
  "L_w": 120,
  "L_d": 30,
  "staff_velocity": 0.58,
  "drone_velocity": 0.83,
  "M_t": 1400,
  "M_d": 5,
  "num_staff": 2,
  "num_drone": 2,
  "use_ejection": true,
  "use_inter": true,
  "use_intra": true,
  "solver": "CPLEX",
  "solver_log": false,
  "num_worker": -1,
  "time_limit": 36000,
  "model_params": {},
  "Optimal": 57.907616080741874,
  "Solve_Time": 36007.95491719246,
  "num_constraint": 440189,
  "Number of variables": 439061,
  "status": "FEASIBLE"
}