{
  "x": {
    "x[9,51,0,0]": 1.0,
    "x[0,9,0,0]": 1.0,
    "x[5,49,0,1]": 1.0,
    "x[11,5,0,1]": 1.0,
    "x[19,24,0,1]": 1.0,
    "x[24,44,0,1]": 1.0,
    "x[44,11,0,1]": 1.0,
    "x[45,19,0,1]": 1.0,
    "x[49,51,0,1]": 1.0,
    "x[0,45,0,1]": 1.0,
    "x[8,18,0,2]": 1.0,
    "x[17,27,0,2]": 1.0,
    "x[18,38,0,2]": 1.0,
    "x[27,8,0,2]": 1.0,
    "x[38,51,0,2]": 1.0,
    "x[0,17,0,2]": 1.0,
    "x[20,23,0,3]": 1.0,
    "x[23,28,0,3]": 1.0,
    "x[28,51,0,3]": 1.0,
    "x[0,20,0,3]": 1.0,
    "x[7,51,0,4]": 1.0,
    "x[22,7,0,4]": 1.0,
    "x[39,22,0,4]": 1.0,
    "x[0,39,0,4]": 1.0,
    "x[2,6,1,0]": 1.0,
    "x[6,35,1,0]": 1.0,
    "x[30,51,1,0]": 1.0,
    "x[35,30,1,0]": 1.0,
    "x[37,2,1,0]": 1.0,
    "x[0,37,1,0]": 1.0,
    "x[32,51,1,1]": 1.0,
    "x[0,32,1,1]": 1.0,
    "x[3,46,1,2]": 1.0,
    "x[4,36,1,2]": 1.0,
    "x[10,13,1,2]": 1.0,
    "x[13,4,1,2]": 1.0,
    "x[36,3,1,2]": 1.0,
    "x[46,51,1,2]": 1.0,
    "x[0,10,1,2]": 1.0,
    "x[12,43,1,3]": 1.0,
    "x[29,31,1,3]": 1.0,
    "x[31,12,1,3]": 1.0,
    "x[42,51,1,3]": 1.0,
    "x[43,42,1,3]": 1.0,
    "x[0,29,1,3]": 1.0
  },
  "y": {
    "y[50,51,0,0]": 1.0,
    "y[0,50,0,0]": 1.0,
    "y[15,51,0,1]": 1.0,
    "y[0,15,0,1]": 1.0,
    "y[34,51,0,2]": 1.0,
    "y[0,34,0,2]": 1.0,
    "y[1,51,0,3]": 1.0,
    "y[14,1,0,3]": 1.0,
    "y[40,14,0,3]": 1.0,
    "y[0,40,0,3]": 1.0,
    "y[21,51,0,4]": 1.0,
    "y[33,21,0,4]": 1.0,
    "y[0,33,0,4]": 1.0,
    "y[48,51,0,5]": 1.0,
    "y[0,48,0,5]": 1.0,
    "y[16,51,1,0]": 1.0,
    "y[25,16,1,0]": 1.0,
    "y[0,25,1,0]": 1.0,
    "y[41,51,1,1]": 1.0,
    "y[0,41,1,1]": 1.0,
    "y[47,51,1,2]": 1.0,
    "y[0,47,1,2]": 1.0,
    "y[26,51,1,3]": 1.0,
    "y[0,26,1,3]": 1.0
  },
  "T1": {},
  "T": {
    "T[0,0]": 28.248753903122296,
    "T[0,1]": 24.382161645893454,
    "T[0,2]": 27.44565850381879,
    "T[0,3]": 26.224827042355404,
    "T[0,4]": 25.94963684301583,
    "T[0,5]": 23.58610772545921,
    "T[1,0]": 24.19048788984373,
    "T[1,1]": 21.811873071570616,
    "T[1,2]": 18.5324449244819,
    "T[1,3]": 13.502690986007877
  },
  "A": {
    "A[0]": 360.69577723831316,
    "A[1]": 355.4280066985929
  },
  "B": {
    "B[0]": 155.83714566366496,
    "B[1]": 78.03749687120711
  },
  "L_w": 120,
  "L_d": 30,
  "staff_velocity": 0.58,
  "drone_velocity": 0.83,
  "M_t": 1400,
  "M_d": 5,
  "num_staff": 2,
  "num_drone": 2,
  "use_ejection": true,
  "use_inter": true,
  "use_intra": true,
  "solver": "CPLEX",
  "solver_log": false,
  "num_worker": -1,
  "time_limit": 36000,
  "model_params": {},
  "Optimal": 360.69577723831316,
  "Solve_Time": 36004.75387907028,
  "num_constraint": 274465,
  "Number of variables": 273649,
  "status": "FEASIBLE"
}