{
  "x": {
    "x[1,6,0,0]": 1.0,
    "x[4,1,0,0]": 1.0000000006439635,
    "x[6,21,0,0]": 1.0,
    "x[11,12,0,0]": 1.0000000008205951,
    "x[12,4,0,0]": 1.0000000008205951,
    "x[16,11,0,0]": 1.0000000001220153,
    "x[18,16,0,0]": 1.0,
    "x[0,18,0,0]": 1.0,
    "x[7,14,1,0]": 1.0,
    "x[14,19,1,0]": 1.0,
    "x[17,7,1,0]": 1.0,
    "x[19,21,1,0]": 1.0,
    "x[20,17,1,0]": 1.0,
    "x[0,20,1,0]": 1.0
  },
  "y": {
    "y[2,21,0,0]": 1.0,
    "y[10,13,0,0]": 1.0,
    "y[13,2,0,0]": 1.0,
    "y[0,10,0,0]": 1.0,
    "y[3,8,1,0]": 0.9999999999558421,
    "y[5,15,1,0]": 1.0,
    "y[8,9,1,0]": 1.0,
    "y[9,5,1,0]": 1.0,
    "y[15,21,1,0]": 1.0,
    "y[0,3,1,0]": 1.0
  },
  "T1": {},
  "T": {
    "T[0,0]": 9.109311190625004,
    "T[1,0]": 8.550365266715048
  },
  "A": {
    "A[0]": 8.50644895349043,
    "A[1]": 8.798290076945653
  },
  "B": {
    "B[0]": 9.109311190625004,
    "B[1]": 8.550365266715048
  },
  "L_w": 120,
  "L_d": 30,
  "staff_velocity": 0.58,
  "drone_velocity": 0.83,
  "M_t": 1400,
  "M_d": 5,
  "num_staff": 2,
  "num_drone": 2,
  "use_ejection": true,
  "use_inter": true,
  "use_intra": true,
  "solver": "CPLEX",
  "solver_log": false,
  "num_worker": -1,
  "time_limit": 36000,
  "model_params": {},
  "Optimal": 9.109311190625004,
  "Solve_Time": 36001.9903960228,
  "num_constraint": 33629,
  "Number of variables": 33161,
  "status": "FEASIBLE"
}