{
  "x": {
    "x[4,12,0,0]": 1.0,
    "x[5,7,0,0]": 1.0,
    "x[6,5,0,0]": 1.0,
    "x[7,13,0,0]": 1.0,
    "x[10,4,0,0]": 1.0,
    "x[12,6,0,0]": 1.0,
    "x[0,10,0,0]": 1.0
  },
  "y": {
    "y[1,8,0,0]": 1.0,
    "y[2,3,0,0]": 1.0,
    "y[3,13,0,0]": 1.0,
    "y[8,2,0,0]": 1.0,
    "y[0,1,0,0]": 1.0,
    "y[9,11,0,1]": 1.0,
    "y[11,13,0,1]": 1.0,
    "y[0,9,0,1]": 1.0
  },
  "T1": {},
  "T": {
    "T[0,0]": 6.899823630450331,
    "T[0,1]": 6.188082095520864
  },
  "A": {
    "A[0]": 14.031728417033321
  },
  "B": {
    "B[0]": 13.087905725971194
  },
  "L_w": 120,
  "L_d": 30,
  "staff_velocity": 0.58,
  "drone_velocity": 0.83,
  "M_t": 1400,
  "M_d": 5,
  "num_staff": 1,
  "num_drone": 1,
  "use_ejection": true,
  "use_inter": true,
  "use_intra": true,
  "solver": "CPLEX",
  "solver_log": false,
  "num_worker": -1,
  "time_limit": 18000,
  "model_params": {},
  "Optimal": 14.031728417033321,
  "Solve_Time": 4.169943809509277,
  "num_constraint": 3155,
  "Number of variables": 3017,
  "status": "OPTIMAL"
}