{
  "x": {
    "x[1,51,0,0]": 1.0,
    "x[0,1,0,0]": 1.0,
    "x[22,51,0,1]": 1.0,
    "x[0,22,0,1]": 1.0,
    "x[27,51,0,2]": 1.0,
    "x[0,27,0,2]": 1.0,
    "x[24,51,0,3]": 1.0,
    "x[0,24,0,3]": 1.0,
    "x[21,51,0,4]": 1.0,
    "x[0,21,0,4]": 1.0,
    "x[11,51,0,5]": 1.0,
    "x[0,11,0,5]": 1.0,
    "x[3,51,0,6]": 1.0,
    "x[0,3,0,6]": 1.0,
    "x[45,51,0,7]": 1.0,
    "x[0,45,0,7]": 1.0,
    "x[9,51,0,8]": 1.0,
    "x[0,9,0,8]": 1.0,
    "x[25,51,0,9]": 1.0,
    "x[0,25,0,9]": 1.0,
    "x[46,51,0,10]": 1.0,
    "x[0,46,0,10]": 1.0,
    "x[35,51,0,11]": 1.0,
    "x[0,35,0,11]": 1.0,
    "x[5,51,0,12]": 1.0,
    "x[0,5,0,12]": 1.0,
    "x[36,51,0,13]": 1.0,
    "x[0,36,0,13]": 1.0,
    "x[42,51,0,14]": 1.0,
    "x[0,42,0,14]": 1.0,
    "x[50,51,0,15]": 1.0,
    "x[0,50,0,15]": 1.0,
    "x[38,51,0,16]": 1.0,
    "x[0,38,0,16]": 1.0,
    "x[18,51,0,17]": 1.0,
    "x[0,18,0,17]": 1.0,
    "x[4,51,0,18]": 1.0,
    "x[0,4,0,18]": 1.0,
    "x[40,51,0,19]": 1.0,
    "x[0,40,0,19]": 1.0,
    "x[14,51,0,20]": 1.0,
    "x[0,14,0,20]": 1.0,
    "x[49,51,0,21]": 1.0,
    "x[0,49,0,21]": 1.0,
    "x[2,51,0,22]": 1.0,
    "x[0,2,0,22]": 1.0,
    "x[39,51,0,23]": 1.0,
    "x[0,39,0,23]": 1.0,
    "x[8,51,0,24]": 1.0,
    "x[12,8,0,24]": 1.0,
    "x[0,12,0,24]": 1.0,
    "x[47,51,1,0]": 1.0,
    "x[0,47,1,0]": 1.0,
    "x[13,19,1,1]": 1.0,
    "x[19,51,1,1]": 1.0,
    "x[0,13,1,1]": 1.0,
    "x[34,51,1,2]": 1.0,
    "x[0,34,1,2]": 1.0,
    "x[16,29,1,3]": 1.0,
    "x[26,30,1,3]": 1.0,
    "x[29,51,1,3]": 1.0,
    "x[30,16,1,3]": 1.0,
    "x[0,26,1,3]": 1.0,
    "x[44,51,2,0]": 1.0,
    "x[0,44,2,0]": 1.0,
    "x[32,51,2,1]": 1.0,
    "x[0,32,2,1]": 1.0,
    "x[23,51,2,2]": 1.0,
    "x[0,23,2,2]": 1.0,
    "x[20,51,2,3]": 1.0,
    "x[33,20,2,3]": 1.0,
    "x[0,33,2,3]": 1.0,
    "x[43,51,2,4]": 1.0,
    "x[0,43,2,4]": 1.0,
    "x[37,51,2,5]": 1.0,
    "x[0,37,2,5]": 1.0,
    "x[31,51,2,6]": 1.0,
    "x[0,31,2,6]": 1.0,
    "x[28,51,2,7]": 1.0,
    "x[0,28,2,7]": 1.0,
    "x[41,51,2,8]": 1.0,
    "x[0,41,2,8]": 1.0,
    "x[7,51,2,9]": 1.0,
    "x[0,7,2,9]": 1.0,
    "x[6,51,2,10]": 1.0,
    "x[0,6,2,10]": 1.0,
    "x[17,51,2,11]": 1.0,
    "x[0,17,2,11]": 1.0,
    "x[15,51,2,12]": 1.0,
    "x[0,15,2,12]": 1.0,
    "x[10,51,2,13]": 1.0,
    "x[48,10,2,13]": 1.0,
    "x[0,48,2,13]": 1.0
  },
  "y": {},
  "T1": {},
  "T": {},
  "A": {
    "A[0]": 777.3942203437971,
    "A[1]": 359.6894339905351,
    "A[2]": 771.7680605432002
  },
  "B": {},
  "L_w": 120,
  "L_d": 30,
  "staff_velocity": 0.58,
  "drone_velocity": 0.83,
  "M_t": 1400,
  "M_d": 5,
  "num_staff": 3,
  "num_drone": 3,
  "use_ejection": true,
  "use_inter": true,
  "use_intra": true,
  "solver": "CPLEX",
  "solver_log": false,
  "num_worker": -1,
  "time_limit": 36000,
  "model_params": {},
  "Optimal": 777.3942203437971,
  "Solve_Time": 36005.76765918732,
  "num_constraint": 642647,
  "Number of variables": 641023,
  "status": "FEASIBLE"
}