{
  "x": {
    "x[1,7,0,0]": 1.0,
    "x[2,5,0,0]": 1.0,
    "x[5,1,0,0]": 1.0,
    "x[0,2,0,0]": 1.0
  },
  "y": {
    "y[3,7,0,0]": 1.0,
    "y[6,3,0,0]": 1.0,
    "y[0,6,0,0]": 1.0,
    "y[4,7,0,1]": 1.0,
    "y[0,4,0,1]": 1.0
  },
  "T1": {},
  "T": {
    "T[0,0]": 17.913502938608737,
    "T[0,1]": 2.2405285900716043
  },
  "A": {
    "A[0]": 21.927618665034476
  },
  "B": {
    "B[0]": 20.154031528680342
  },
  "L_w": 120,
  "L_d": 30,
  "staff_velocity": 0.58,
  "drone_velocity": 0.83,
  "M_t": 1400,
  "M_d": 5,
  "num_staff": 1,
  "num_drone": 1,
  "use_ejection": true,
  "use_inter": true,
  "use_intra": true,
  "solver": "CPLEX",
  "solver_log": false,
  "num_worker": -1,
  "time_limit": 18000,
  "model_params": {},
  "Optimal": 21.927618665034476,
  "Solve_Time": 0.19927167892456055,
  "num_constraint": 719,
  "Number of variables": 641,
  "status": "OPTIMAL"
}