{
  "x": {
    "x[6,16,0,0]": 1.0,
    "x[16,32,0,0]": 1.0,
    "x[27,33,0,0]": 1.0,
    "x[32,51,0,0]": 1.0,
    "x[33,6,0,0]": 1.0,
    "x[0,27,0,0]": 1.0,
    "x[4,51,0,1]": 1.0,
    "x[11,12,0,1]": 1.0,
    "x[12,15,0,1]": 1.0,
    "x[15,4,0,1]": 1.0,
    "x[46,11,0,1]": 1.0,
    "x[0,46,0,1]": 1.0,
    "x[7,34,1,0]": 1.0,
    "x[19,51,1,0]": 1.0,
    "x[20,24,1,0]": 1.0,
    "x[24,42,1,0]": 1.0,
    "x[34,19,1,0]": 1.0,
    "x[42,45,1,0]": 1.0,
    "x[45,7,1,0]": 1.0,
    "x[0,20,1,0]": 1.0,
    "x[3,21,2,0]": 1.0,
    "x[21,51,2,0]": 1.0,
    "x[0,3,2,0]": 1.0,
    "x[5,40,2,1]": 1.0,
    "x[40,51,2,1]": 1.0,
    "x[0,5,2,1]": 1.0,
    "x[10,51,2,2]": 1.0,
    "x[0,10,2,2]": 1.0,
    "x[17,49,2,3]": 1.0,
    "x[25,17,2,3]": 1.0,
    "x[49,51,2,3]": 1.0,
    "x[0,25,2,3]": 1.0,
    "x[9,51,2,4]": 1.0,
    "x[38,9,2,4]": 1.0,
    "x[0,38,2,4]": 1.0
  },
  "y": {
    "y[2,8,0,0]": 1.0,
    "y[8,51,0,0]": 1.0,
    "y[23,2,0,0]": 1.0,
    "y[0,23,0,0]": 1.0,
    "y[35,51,0,1]": 1.0,
    "y[0,35,0,1]": 1.0,
    "y[14,26,0,2]": 1.0,
    "y[26,41,0,2]": 1.0,
    "y[41,51,0,2]": 1.0,
    "y[0,14,0,2]": 1.0,
    "y[30,51,1,0]": 1.0,
    "y[50,30,1,0]": 1.0,
    "y[0,50,1,0]": 1.0,
    "y[28,51,1,1]": 1.0,
    "y[43,28,1,1]": 1.0,
    "y[44,43,1,1]": 1.0,
    "y[0,44,1,1]": 1.0,
    "y[31,39,1,2]": 1.0,
    "y[39,51,1,2]": 1.0,
    "y[0,31,1,2]": 1.0,
    "y[22,51,2,0]": 1.0,
    "y[0,22,2,0]": 1.0,
    "y[29,36,2,1]": 1.0,
    "y[36,51,2,1]": 1.0,
    "y[47,29,2,1]": 1.0,
    "y[0,47,2,1]": 1.0,
    "y[48,51,2,2]": 1.0,
    "y[0,48,2,2]": 1.0,
    "y[1,37,2,3]": 1.0,
    "y[37,51,2,3]": 1.0,
    "y[0,1,2,3]": 1.0,
    "y[13,18,2,4]": 1.0,
    "y[18,51,2,4]": 1.0,
    "y[0,13,2,4]": 1.0
  },
  "T1": {},
  "T": {
    "T[0,0]": 14.28371905837778,
    "T[0,1]": 9.849892675837168,
    "T[0,2]": 24.91194634000731,
    "T[1,0]": 8.079527683204805,
    "T[1,1]": 19.93677021633772,
    "T[1,2]": 12.600120115399967,
    "T[2,0]": 3.9087116026224065,
    "T[2,1]": 22.66180473661992,
    "T[2,2]": 6.701793429718224,
    "T[2,3]": 17.374146942757825,
    "T[2,4]": 23.324012469817447
  },
  "A": {
    "A[0]": 80.65807965167556,
    "A[1]": 71.60141156905829,
    "A[2]": 79.27223708646733
  },
  "B": {
    "B[0]": 49.04555807422226,
    "B[1]": 40.61641801494248,
    "B[2]": 73.97046918153582
  },
  "L_w": 120,
  "L_d": 30,
  "staff_velocity": 0.58,
  "drone_velocity": 0.83,
  "M_t": 1400,
  "M_d": 5,
  "num_staff": 3,
  "num_drone": 3,
  "use_ejection": true,
  "use_inter": true,
  "use_intra": true,
  "solver": "CPLEX",
  "solver_log": false,
  "num_worker": -1,
  "time_limit": 36000,
  "model_params": {},
  "Optimal": 80.65807965167556,
  "Solve_Time": 36008.538738012314,
  "num_constraint": 553007,
  "Number of variables": 551491,
  "status": "FEASIBLE"
}