{
  "x": {
    "x[1,10,0,0]": 1.0,
    "x[4,11,0,0]": 1.0,
    "x[5,1,0,0]": 1.0,
    "x[9,4,0,0]": 1.0,
    "x[10,9,0,0]": 1.0,
    "x[0,5,0,0]": 1.0
  },
  "y": {
    "y[2,11,0,0]": 1.0,
    "y[3,6,0,0]": 1.0,
    "y[6,2,0,0]": 1.0,
    "y[0,3,0,0]": 1.0,
    "y[7,11,0,1]": 1.0,
    "y[8,7,0,1]": 1.0,
    "y[0,8,0,1]": 1.0
  },
  "T1": {},
  "T": {
    "T[0,0]": 6.664561912253302,
    "T[0,1]": 8.045185909447174
  },
  "A": {
    "A[0]": 15.938692691573578
  },
  "B": {
    "B[0]": 14.709747821700475
  },
  "L_w": 120,
  "L_d": 30,
  "staff_velocity": 0.58,
  "drone_velocity": 0.83,
  "M_t": 1400,
  "M_d": 5,
  "num_staff": 1,
  "num_drone": 1,
  "use_ejection": true,
  "use_inter": true,
  "use_intra": true,
  "solver": "CPLEX",
  "solver_log": false,
  "num_worker": -1,
  "time_limit": 18000,
  "model_params": {},
  "Optimal": 15.938692691573578,
  "Solve_Time": 2.475414514541626,
  "num_constraint": 2053,
  "Number of variables": 1935,
  "status": "OPTIMAL"
}