{
  "x": {
    "x[1,21,0,0]": 1.0,
    "x[2,18,0,0]": 1.0,
    "x[16,1,0,0]": 1.0,
    "x[18,16,0,0]": 1.0,
    "x[0,2,0,0]": 1.0,
    "x[3,21,1,0]": 1.0,
    "x[7,11,1,0]": 1.0,
    "x[9,14,1,0]": 1.0,
    "x[11,3,1,0]": 1.0,
    "x[14,7,1,0]": 1.0,
    "x[0,9,1,0]": 1.0
  },
  "y": {
    "y[8,20,0,0]": 1.0,
    "y[12,17,0,0]": 1.0,
    "y[17,21,0,0]": 1.0,
    "y[20,12,0,0]": 1.0,
    "y[0,8,0,0]": 1.0,
    "y[10,15,0,1]": 1.0,
    "y[13,21,0,1]": 1.0,
    "y[15,13,0,1]": 1.0,
    "y[0,10,0,1]": 1.0,
    "y[4,21,1,0]": 1.0,
    "y[5,4,1,0]": 1.0,
    "y[19,5,1,0]": 1.0,
    "y[0,19,1,0]": 1.0,
    "y[6,21,1,1]": 1.0,
    "y[0,6,1,1]": 1.0
  },
  "T1": {},
  "T": {
    "T[0,0]": 18.750061017348102,
    "T[0,1]": 25.652423323229222,
    "T[1,0]": 13.466993624379867,
    "T[1,1]": 29.313526541892333
  },
  "A": {
    "A[0]": 43.30210196545285,
    "A[1]": 45.12865708977747
  },
  "B": {
    "B[0]": 44.402484340577324,
    "B[1]": 42.7805201662722
  },
  "L_w": 120,
  "L_d": 30,
  "staff_velocity": 0.58,
  "drone_velocity": 0.83,
  "M_t": 1400,
  "M_d": 5,
  "num_staff": 2,
  "num_drone": 2,
  "use_ejection": true,
  "use_inter": true,
  "use_intra": true,
  "solver": "CPLEX",
  "solver_log": false,
  "num_worker": -1,
  "time_limit": 36000,
  "model_params": {},
  "Optimal": 45.12865708977747,
  "Solve_Time": 36401.82704114914,
  "num_constraint": 27617,
  "Number of variables": 27185,
  "status": "FEASIBLE"
}