{
  "x": {
    "x[1,11,0,0]": 1.0,
    "x[3,5,0,0]": 1.0,
    "x[5,7,0,0]": 1.0,
    "x[7,12,0,0]": 1.0,
    "x[11,3,0,0]": 1.0,
    "x[12,13,0,0]": 1.0,
    "x[0,1,0,0]": 1.0
  },
  "y": {
    "y[2,9,0,0]": 1.0,
    "y[4,10,0,0]": 1.0,
    "y[6,13,0,0]": 1.0,
    "y[9,6,0,0]": 1.0,
    "y[10,2,0,0]": 1.0,
    "y[0,4,0,0]": 1.0,
    "y[8,13,0,1]": 1.0,
    "y[0,8,0,1]": 1.0
  },
  "T1": {},
  "T": {
    "T[0,0]": 27.524472701079777,
    "T[0,1]": 3.9548948328787774
  },
  "A": {
    "A[0]": 31.138615240684267
  },
  "B": {
    "B[0]": 31.479367533958555
  },
  "L_w": 120,
  "L_d": 30,
  "staff_velocity": 0.58,
  "drone_velocity": 0.83,
  "M_t": 1400,
  "M_d": 5,
  "num_staff": 1,
  "num_drone": 1,
  "use_ejection": true,
  "use_inter": true,
  "use_intra": true,
  "solver": "CPLEX",
  "solver_log": false,
  "num_worker": -1,
  "time_limit": 18000,
  "model_params": {},
  "Optimal": 31.479367533958555,
  "Solve_Time": 44.0483341217041,
  "num_constraint": 3475,
  "Number of variables": 3331,
  "status": "OPTIMAL"
}