{
  "x": {
    "x[7,51,1,0]": 1.0,
    "x[0,7,1,0]": 1.0,
    "x[12,51,1,1]": 1.0,
    "x[0,12,1,1]": 1.0,
    "x[43,51,2,0]": 1.0,
    "x[0,43,2,0]": 1.0,
    "x[42,51,2,1]": 1.0,
    "x[0,42,2,1]": 1.0,
    "x[24,51,2,2]": 1.0,
    "x[0,24,2,2]": 1.0,
    "x[41,46,2,3]": 1.0,
    "x[46,51,2,3]": 1.0,
    "x[0,41,2,3]": 1.0,
    "x[22,27,2,4]": 1.0,
    "x[27,51,2,4]": 1.0,
    "x[0,22,2,4]": 1.0,
    "x[50,51,2,5]": 1.0,
    "x[0,50,2,5]": 1.0,
    "x[13,51,2,6]": 1.0,
    "x[0,13,2,6]": 1.0,
    "x[9,40,2,7]": 1.0,
    "x[25,9,2,7]": 1.0,
    "x[37,25,2,7]": 1.0,
    "x[40,48,2,7]": 1.0,
    "x[48,51,2,7]": 1.0,
    "x[0,37,2,7]": 1.0
  },
  "y": {
    "y[39,51,1,0]": 1.0,
    "y[0,39,1,0]": 1.0,
    "y[2,51,1,1]": 1.0,
    "y[0,2,1,1]": 1.0,
    "y[44,51,1,2]": 1.0,
    "y[0,44,1,2]": 1.0,
    "y[35,51,1,3]": 1.0,
    "y[0,35,1,3]": 1.0,
    "y[21,51,1,4]": 1.0,
    "y[0,21,1,4]": 1.0,
    "y[26,51,1,5]": 1.0,
    "y[0,26,1,5]": 1.0,
    "y[4,51,1,6]": 1.0,
    "y[0,4,1,6]": 1.0,
    "y[36,51,1,7]": 1.0,
    "y[0,36,1,7]": 1.0,
    "y[3,51,1,8]": 1.0,
    "y[0,3,1,8]": 1.0,
    "y[18,51,1,9]": 1.0,
    "y[0,18,1,9]": 1.0,
    "y[29,51,1,10]": 1.0,
    "y[0,29,1,10]": 1.0,
    "y[33,51,1,11]": 1.0,
    "y[0,33,1,11]": 1.0,
    "y[32,51,1,12]": 1.0,
    "y[0,32,1,12]": 1.0,
    "y[38,51,1,13]": 1.0,
    "y[0,38,1,13]": 1.0,
    "y[10,51,1,14]": 1.0,
    "y[0,10,1,14]": 1.0,
    "y[5,51,1,15]": 1.0,
    "y[0,5,1,15]": 1.0,
    "y[30,51,1,16]": 1.0,
    "y[0,30,1,16]": 1.0,
    "y[11,51,1,17]": 1.0,
    "y[0,11,1,17]": 1.0,
    "y[31,51,1,18]": 1.0,
    "y[0,31,1,18]": 1.0,
    "y[14,51,1,19]": 1.0,
    "y[0,14,1,19]": 1.0,
    "y[47,51,1,20]": 1.0,
    "y[0,47,1,20]": 1.0,
    "y[23,51,1,21]": 1.0,
    "y[0,23,1,21]": 1.0,
    "y[17,51,1,22]": 1.0,
    "y[0,17,1,22]": 1.0,
    "y[20,51,1,23]": 1.0,
    "y[0,20,1,23]": 1.0,
    "y[8,51,1,24]": 1.0,
    "y[0,8,1,24]": 1.0,
    "y[49,51,1,25]": 1.0,
    "y[0,49,1,25]": 1.0,
    "y[34,51,1,26]": 1.0,
    "y[0,34,1,26]": 1.0,
    "y[1,51,1,27]": 1.0,
    "y[0,1,1,27]": 1.0,
    "y[16,51,1,28]": 1.0,
    "y[0,16,1,28]": 1.0,
    "y[15,51,1,29]": 1.0,
    "y[0,15,1,29]": 1.0,
    "y[19,51,1,30]": 1.0,
    "y[0,19,1,30]": 1.0,
    "y[6,51,1,31]": 1.0,
    "y[0,6,1,31]": 1.0,
    "y[28,45,1,32]": 1.0,
    "y[45,51,1,32]": 1.0,
    "y[0,28,1,32]": 1.0
  },
  "T1": {},
  "T": {
    "T[1,0]": 12.04516398579342,
    "T[1,1]": 9.363281425163107,
    "T[1,2]": 8.26811927226701,
    "T[1,3]": 7.813847044186149,
    "T[1,4]": 9.320347825029303,
    "T[1,5]": 4.087780868096922,
    "T[1,6]": 11.50237449175281,
    "T[1,7]": 11.721581251421865,
    "T[1,8]": 9.17712171744068,
    "T[1,9]": 9.284829508911514,
    "T[1,10]": 11.5371144477623,
    "T[1,11]": 11.074275456395508,
    "T[1,12]": 1.561036686394608,
    "T[1,13]": 10.66820189710604,
    "T[1,14]": 6.935672260063659,
    "T[1,15]": 6.56245986927838,
    "T[1,16]": 7.858004116690205,
    "T[1,17]": 11.320304412355716,
    "T[1,18]": 11.441666212468048,
    "T[1,19]": 11.395154268766165,
    "T[1,20]": 5.395826507080706,
    "T[1,21]": 11.890514500865121,
    "T[1,22]": 5.8722277541237204,
    "T[1,23]": 7.759638248771738,
    "T[1,24]": 5.057070929694612,
    "T[1,25]": 5.726011736347249,
    "T[1,26]": 7.475298747579082,
    "T[1,27]": 9.572032112409065,
    "T[1,28]": 9.598250101634925,
    "T[1,29]": 11.351119780717932,
    "T[1,30]": 6.335494234291232,
    "T[1,31]": 4.3715713820172075,
    "T[1,32]": 11.925828191347346
  },
  "A": {
    "A[1]": 22.982019728517287,
    "A[2]": 199.1100481127105
  },
  "B": {
    "B[1]": 285.26922124422333
  },
  "L_w": 120,
  "L_d": 30,
  "staff_velocity": 0.58,
  "drone_velocity": 0.83,
  "M_t": 1400,
  "M_d": 5,
  "num_staff": 3,
  "num_drone": 3,
  "use_ejection": true,
  "use_inter": true,
  "use_intra": true,
  "solver": "CPLEX",
  "solver_log": false,
  "num_worker": -1,
  "time_limit": 36000,
  "model_params": {},
  "Optimal": 285.26922124422333,
  "Solve_Time": 36025.3230509758,
  "num_constraint": 660233,
  "Number of variables": 658591,
  "status": "FEASIBLE"
}