{
  "x": {
    "x[3,9,0,0]": 1.0,
    "x[9,11,0,0]": 1.0,
    "x[10,3,0,0]": 1.0,
    "x[0,10,0,0]": 1.0
  },
  "y": {
    "y[1,8,0,0]": 1.0,
    "y[2,4,0,0]": 1.0,
    "y[4,5,0,0]": 1.0,
    "y[5,7,0,0]": 1.0,
    "y[6,11,0,0]": 1.0,
    "y[7,1,0,0]": 1.0,
    "y[8,6,0,0]": 1.0,
    "y[0,2,0,0]": 1.0
  },
  "T1": {},
  "T": {
    "T[0,0]": 22.75075772337584
  },
  "A": {
    "A[0]": 23.785477331030155
  },
  "B": {
    "B[0]": 22.75075772337584
  },
  "L_w": 120,
  "L_d": 30,
  "staff_velocity": 0.58,
  "drone_velocity": 0.83,
  "M_t": 1400,
  "M_d": 5,
  "num_staff": 1,
  "num_drone": 1,
  "use_ejection": true,
  "use_inter": true,
  "use_intra": true,
  "solver": "CPLEX",
  "solver_log": false,
  "num_worker": -1,
  "time_limit": 18000,
  "model_params": {},
  "Optimal": 23.785477331030155,
  "Solve_Time": 0.47566962242126465,
  "num_constraint": 2315,
  "Number of variables": 2191,
  "status": "OPTIMAL"
}