{
  "x": {
    "x[2,7,0,0]": 1.0,
    "x[3,2,0,0]": 1.0,
    "x[0,3,0,0]": 1.0
  },
  "y": {
    "y[1,6,0,0]": 1.0,
    "y[6,7,0,0]": 1.0,
    "y[0,1,0,0]": 1.0,
    "y[4,7,0,1]": 1.0,
    "y[5,4,0,1]": 1.0,
    "y[0,5,0,1]": 1.0
  },
  "T1": {},
  "T": {
    "T[0,0]": 13.419137613927248,
    "T[0,1]": 11.852791652058254
  },
  "A": {
    "A[0]": 17.75020496508027
  },
  "B": {
    "B[0]": 25.271929265985502
  },
  "L_w": 120,
  "L_d": 30,
  "staff_velocity": 0.58,
  "drone_velocity": 0.83,
  "M_t": 1400,
  "M_d": 5,
  "num_staff": 1,
  "num_drone": 1,
  "use_ejection": true,
  "use_inter": true,
  "use_intra": true,
  "solver": "CPLEX",
  "solver_log": false,
  "num_worker": -1,
  "time_limit": 18000,
  "model_params": {},
  "Optimal": 25.271929265985502,
  "Solve_Time": 0.1728839874267578,
  "num_constraint": 595,
  "Number of variables": 523,
  "status": "OPTIMAL"
}