{
  "x": {
    "x[7,12,0,0]": 1.0,
    "x[12,15,0,0]": 1.0,
    "x[13,7,0,0]": 1.0,
    "x[14,21,0,0]": 1.0,
    "x[15,18,0,0]": 1.0,
    "x[18,14,0,0]": 1.0,
    "x[0,13,0,0]": 1.0,
    "x[1,21,1,0]": 1.0,
    "x[4,20,1,0]": 1.0,
    "x[6,17,1,0]": 1.0,
    "x[17,1,1,0]": 1.0,
    "x[20,6,1,0]": 1.0,
    "x[0,4,1,0]": 1.0
  },
  "y": {
    "y[3,21,0,0]": 1.0,
    "y[8,9,0,0]": 1.0,
    "y[9,16,0,0]": 1.0,
    "y[16,3,0,0]": 1.0,
    "y[0,8,0,0]": 1.0,
    "y[5,21,0,1]": 1.0,
    "y[0,5,0,1]": 1.0,
    "y[10,19,1,0]": 1.0,
    "y[11,10,1,0]": 1.0,
    "y[19,21,1,0]": 1.0,
    "y[0,11,1,0]": 1.0,
    "y[2,21,1,1]": 1.0,
    "y[0,2,1,1]": 1.0
  },
  "T1": {},
  "T": {
    "T[0,0]": 10.285108922050432,
    "T[0,1]": 2.378544483520044,
    "T[1,0]": 7.351317507590636,
    "T[1,1]": 4.927048720425887
  },
  "A": {
    "A[0]": 12.79027480340593,
    "A[1]": 12.340770698536073
  },
  "B": {
    "B[0]": 12.663653405570475,
    "B[1]": 12.278366228016523
  },
  "L_w": 120,
  "L_d": 30,
  "staff_velocity": 0.58,
  "drone_velocity": 0.83,
  "M_t": 1400,
  "M_d": 5,
  "num_staff": 2,
  "num_drone": 2,
  "use_ejection": true,
  "use_inter": true,
  "use_intra": true,
  "solver": "CPLEX",
  "solver_log": false,
  "num_worker": -1,
  "time_limit": 36000,
  "model_params": {},
  "Optimal": 12.79027480340593,
  "Solve_Time": 36062.7609872818,
  "num_constraint": 24629,
  "Number of variables": 24221,
  "status": "FEASIBLE"
}