{
  "x": {
    "x[4,7,0,0]": 1.0,
    "x[7,19,0,0]": 1.0,
    "x[9,21,0,0]": 1.0,
    "x[19,9,0,0]": 1.0,
    "x[0,4,0,0]": 1.0,
    "x[1,13,1,0]": 1.0,
    "x[11,15,1,0]": 1.0,
    "x[13,11,1,0]": 1.0,
    "x[15,21,1,0]": 1.0,
    "x[0,1,1,0]": 1.0
  },
  "y": {
    "y[2,21,0,0]": 1.0,
    "y[3,17,0,0]": 1.0,
    "y[5,3,0,0]": 1.0,
    "y[14,18,0,0]": 1.0,
    "y[17,2,0,0]": 1.0,
    "y[18,5,0,0]": 1.0,
    "y[0,14,0,0]": 1.0,
    "y[8,21,1,0]": 1.0,
    "y[20,8,1,0]": 1.0,
    "y[0,20,1,0]": 1.0,
    "y[6,12,1,1]": 1.0,
    "y[10,6,1,1]": 1.0,
    "y[12,21,1,1]": 1.0,
    "y[16,10,1,1]": 1.0,
    "y[0,16,1,1]": 1.0
  },
  "T1": {},
  "T": {
    "T[0,0]": 23.331557514183984,
    "T[1,0]": 10.763385148215926,
    "T[1,1]": 12.484030973014338
  },
  "A": {
    "A[0]": 22.640950408793802,
    "A[1]": 19.499020868974267
  },
  "B": {
    "B[0]": 23.331557514183984,
    "B[1]": 23.247416121230266
  },
  "L_w": 120,
  "L_d": 30,
  "staff_velocity": 0.58,
  "drone_velocity": 0.83,
  "M_t": 1400,
  "M_d": 5,
  "num_staff": 2,
  "num_drone": 2,
  "use_ejection": true,
  "use_inter": true,
  "use_intra": true,
  "solver": "CPLEX",
  "solver_log": false,
  "num_worker": -1,
  "time_limit": 36000,
  "model_params": {},
  "Optimal": 23.331557514183984,
  "Solve_Time": 36005.52171635628,
  "num_constraint": 33629,
  "Number of variables": 33161,
  "status": "FEASIBLE"
}