{
  "x": {
    "x[1,7,0,0]": 1.0,
    "x[2,1,0,0]": 1.0,
    "x[0,2,0,0]": 1.0
  },
  "y": {
    "y[4,6,0,0]": 1.0,
    "y[5,7,0,0]": 1.0,
    "y[6,5,0,0]": 1.0,
    "y[0,4,0,0]": 1.0,
    "y[3,7,0,1]": 1.0,
    "y[0,3,0,1]": 1.0
  },
  "T1": {},
  "T": {
    "T[0,0]": 22.112844810611286,
    "T[0,1]": 19.462154751779373
  },
  "A": {
    "A[0]": 42.14147202379138
  },
  "B": {
    "B[0]": 41.57499956239066
  },
  "L_w": 120,
  "L_d": 30,
  "staff_velocity": 0.58,
  "drone_velocity": 0.83,
  "M_t": 1400,
  "M_d": 5,
  "num_staff": 1,
  "num_drone": 1,
  "use_ejection": true,
  "use_inter": true,
  "use_intra": true,
  "solver": "CPLEX",
  "solver_log": false,
  "num_worker": -1,
  "time_limit": 18000,
  "model_params": {},
  "Optimal": 42.14147202379138,
  "Solve_Time": 0.23139119148254395,
  "num_constraint": 719,
  "Number of variables": 641,
  "status": "OPTIMAL"
}