{
  "x": {
    "x[1,5,0,0]": 1.0,
    "x[3,10,0,0]": 1.0,
    "x[4,11,0,0]": 1.0,
    "x[5,9,0,0]": 1.0,
    "x[8,3,0,0]": 1.0,
    "x[9,4,0,0]": 1.0,
    "x[10,1,0,0]": 1.0,
    "x[0,8,0,0]": 1.0
  },
  "y": {
    "y[2,6,0,0]": 1.0,
    "y[6,11,0,0]": 1.0,
    "y[7,2,0,0]": 1.0,
    "y[0,7,0,0]": 1.0
  },
  "T1": {},
  "T": {
    "T[0,0]": 27.605221286260093
  },
  "A": {
    "A[0]": 32.04603071073911
  },
  "B": {
    "B[0]": 27.605221286260093
  },
  "L_w": 120,
  "L_d": 30,
  "staff_velocity": 0.58,
  "drone_velocity": 0.83,
  "M_t": 1400,
  "M_d": 5,
  "num_staff": 1,
  "num_drone": 1,
  "use_ejection": true,
  "use_inter": true,
  "use_intra": true,
  "solver": "CPLEX",
  "solver_log": false,
  "num_worker": -1,
  "time_limit": 18000,
  "model_params": {},
  "Optimal": 32.04603071073911,
  "Solve_Time": 2.1943953037261963,
  "num_constraint": 1843,
  "Number of variables": 1731,
  "status": "OPTIMAL"
}